{
    "loss": 0.40289467573165894,
    "accuracy": 0.8213573098182678
}