{
    "loss": 0.39008837938308716,
    "accuracy": 0.7924151420593262
}